album,date,track,lyrics,tokens,types,lemmas,ttr,lemma_ratio
led zeppelin i,1969-02-22T00:00:00.000000,good times bad times,"in the days of my youth, i was told what it means to be a man now i've reached that age, i've tried to do all those things the best i can no matter how i try, i find my way into the same old jam good times, bad times, you know i've had my share when my woman left home for a brown-eyed man but i still don't seem to care sixteen, i fell in love with a girl as sweet as could be it only took a couple of days 'til she was rid of me she swore that she would be all mine and love me 'til the end but when i whispered in her ear, i lost another friend, oh good times, bad times, you know i've had my share when my woman left home for a brown-eyed man but i still don't seem to care good times, bad times, you know i've had my share when my woman left home for a brown-eyed man but i still don't seem to care i know what it means to be alone i sure do wish i was at home i don't care what the neighbors say i'm gonna love you each and every day you can feel the beat within my heart realize, sweet babe, we ain't never gonna part i feel good when i look into your eyes",248,109,100,43.95161290322581,91.74311926605505
led zeppelin i,1969-02-22T00:00:00.000000,babe i'm gonna leave you,"babe, babe, babe, babe, babe, babe, baby  oh, babe, i'm gonna leave you oh, baby, you know i've really got to leave you ooohh i've got to quit you, yeah oh, baby, baby, baby, baby, baby, baby, baby oh, don't you hear it callin' me? woman, woman, i know, i know my, my, my, my, my, my babe i'm gonna leave you, go away oh, i miss you, baby it was really, really good you made me happy every single day but now, i've got to go away ooh, oh, oh baby, baby, baby that's when it's callin' me i said that's when it's callin' me back home",121,45,41,37.1900826446281,91.11111111111111
led zeppelin i,1969-02-22T00:00:00.000000,you shook me,"you know you shook me you shook me all night long you know you shook me, baby you shook me all night long you shook me so hard, baby baby, baby, please come home (hahahaha) i have a bird, won't do nothing oh-oh, oh-woah, buy a diamond ring, yeah   you know you shook me, babe you shook me all night long i know you really, really did, babe i said you shook me, baby you shook me all night long you shook me so hard, baby you shook me all-all-all-all-all-all-all-all night long",103,33,31,32.038834951456316,93.93939393939394
led zeppelin i,1969-02-22T00:00:00.000000,dazed and confused,"been dazed and confused for so long, it's not true wanted a woman, never bargained for you lots of people talk and few of them know you hurt and abuse, telling all of your lies run 'round, sweet baby, lord, how they hypnotize sweet little baby, i don't know where you've been gonna love you, baby, here i come again every day i work so hard, bringing home my hard-earned pay ah ah ah ah ah ah ah ah ah ah ah, ah, ah, ah ah, ah, ah, ah, ah, ah, ah, ah, ah, ah, ah, ah, ah, ah oh, yeah! alright, alright ah, ah, ah, ah ah, ah, ah ah, ah, ah, ah ah, ah ah, ah oh, don't leave me so confused, yeah oh, don't leave me so confused, no oh, baby been dazed and confused for so long it's not true wanted a woman, never bargained for you oh, yeah, alright oh oh, oh, oh, oh oh, oh, oh, oh oh, oh, oh, oh ah, ah, ah, ah ah, ah, ah",182,66,63,36.26373626373626,95.45454545454545
led zeppelin i,1969-02-22T00:00:00.000000,your time is gonna come,"lying, cheating, hurting, that's all you seem to do messing around every guy in town putting me down for thinking of someone new always the same, playing your game drive me insane, trouble is gonna come to you this is all i gotta say to you, woman your time is gonna come your time is gonna come your time is gonna come your time is gonna come made up my mind, break you this time won't be so fine, it's my turn to cry do what you want, i won't take the brunt it's fading away, can't feel you anymore don't care what you say 'cause i'm going away to stay going to make you pay for that great big hole in my heart people talking all around watch out, woman, no longer is the joke gonna be on my heart you been bad to me, woman but it's coming back home to you your time is gonna come your time is gonna come your time is gonna come your time is gonna come your time is gonna come (bye-bye, baby) your time is gonna come (bye-bye, bye-bye) your time is gonna come () your time is gonna come (oh, oh, oh-oh) your time is gonna come () your time is gonna come () your time is gonna come ()",247,94,84,38.05668016194332,89.36170212765957
led zeppelin i,1969-02-22T00:00:00.000000,black mountain side,,,,,0.0,0.0
led zeppelin i,1969-02-22T00:00:00.000000,communication breakdown,"hey, girl, stop what you're doin'! hey, girl, you'll drive me to ruin i don't know what it is i like about you, but i like it a lot won't you let me hold you, let me feel your loving touch communication breakdown it's always the same i'm having a nervous breakdown drive me insane hey, babe, i got something i think you ought to know hey, babe, i wanna tell you that i love you so i wanna hold you in my arms, yeah! i'm never gonna let you go, 'cause i like your charms communication breakdown it's always the same i'm having a nervous breakdown drive me insane suck!  communication breakdown it's always the same i'm having a nervous breakdown drive me insane! yeah! communication breakdown (i want you to love me all night) (i want you to love me all night) communication breakdown (whoa, ah, a whoa oh) communication breakdown (i want you to love me) (i want you to love) communication breakdown (i want you to love, yeah) (i want you to love) communication breakdown (i want you to love)...",197,68,59,34.51776649746193,86.76470588235294
led zeppelin i,1969-02-22T00:00:00.000000,i can't quit you baby,"oh, i can't quit you, babe so i'm gonna put you down for awhile i said i can't quit you, babe i guess i got to put you down for awhile said you messed up my happy home made me mistreat my only child yes, you did, babe, oh said you know i love you, baby my love for you i could never hide oh, you know i love you, babe my love for you i could never hide oh, when i feel you near me, little girl i know you are my one desire, yeah oh, ooohh, yeah  when you hear me moaning and groaning, baby you know it hurts me deep down inside oh, when you hear me moaning and groaning, babe you know it hurts me deep down inside oh, when you hear me holler, baby you know you're my one desire yes, you are, ohh",155,59,55,38.064516129032256,93.22033898305084
led zeppelin i,1969-02-22T00:00:00.000000,how many more times,"aaahhhhh how many more times treat me the way you wanna do? how many more times treat me the way you wanna do? when i give you all my love please, please be true i'll give you all i've got to give, rings, pearls, and all i'll give you all i've got to give, rings, pearls, and all i've got to get you together, baby i'm sure, sure you're gonna call oh, when's the last time i done asked you?  i was a young man, i couldn't resist started thinking it over, just what i had missed got me a girl, and i kissed her and then and then whoops, oh no, yeah, well, i did it again now i' got ten children of my own i got another child on the way, that makes eleven but i'm in constant heaven i know it's all right in my mind i can't get through to her 'cause it doesn't permit but i'm gonna give her everything i've got to give oh, rosie, oh, girl oh, rosie, oh, girl steal away now, steal away steal away, baby, steal away why don't you come to me, baby steal away, all right, all right  well, i've got to get to you, baby so, please come home why don't you listen to me, baby? why don't you please come home? why don't you please come home? why don't you please come home?",262,101,88,38.54961832061068,87.12871287128714
led zeppelin ii,1969-02-22T00:00:00.000000,whole lotta love,"ah, ah, ah ah, ah, ah ah, ah, ah, ah, ah, ah, ah, ah, ah, ah, ah, ah, ah, ah, ah, ah, ah, ah, ah, ah, ah, ah, ah, ah (no, no, no, no) ah love love all the good times baby, i've been misusin'  my, my, my, my my, my, my, my, oh hey, oh hey, oh hey, oh ooh, oh oh, oh, oh, oh ooh, my, my baby",72,17,17,23.61111111111111,100.0
led zeppelin ii,1969-02-22T00:00:00.000000,what is and what should never be,"and if i say to you tomorrow take my hand, child, come with me it's to a castle i will take you where what's to be, they say will be oh.. and if you say to me tomorrow oh, what fun it all would be then what's to stop us, pretty baby but what is and what should never be?  so if you wake up with the sunrise and all your dreams are still as new and happiness is what you need so bad girl, the answer lies with you, yeah  hey, ho, but the wind won't blow, and we really shouldn't go and it only goes to show catch the wind, we're going to see it spin, we're going to...sail, leave today do do do, bop bop a do-oh. my my my my my my yeah everybody i know seems to know me well baby, baby, baby, baby, baby, baby. oh lord baby baby babe. huh? oh, i love ya do no no no no no no. c'mon now i want you now",186,91,81,48.924731182795696,89.01098901098901
led zeppelin ii,1969-02-22T00:00:00.000000,the lemon song,"every time i go away and leave you, darling you send me the blues way down the line oh..  babe, yeah give it to me, baby ooh, my, my, my, my, my i'll take it down a little bit people tell me, baby can't be satisfied tryin' to worry me, baby, but i'd never get you with myself keep on worrying, baby can't keep you satisfied huh, let me tell you, baby you ain't nothing but a two-bit, no-good jive... i went to sleep last night, i worked as hard as i can i bring home my money you take my money give it to another man",115,69,64,60.0,92.7536231884058
led zeppelin ii,1969-02-22T00:00:00.000000,thank you,"i would still be loving you there will still be you and me kind woman, i give you my all kind woman, nothing more little drops of rain whisper of the pain tears of loves lost in the days gone by my love is strong with you there is no wrong together we shall go until we die, my, my, my an inspiration is what you are to me inspiration - look, see  and so today, my world, it smiles your hand in mine, we walk the miles and thanks to you it will be done for you to me are the only one all right, yeah happiness, no more be sad happiness - i'm glad i would still be loving you there will still be you and me",129,72,65,55.81395348837209,90.27777777777779
led zeppelin ii,1969-02-22T00:00:00.000000,heartbreaker,"hey fellas, have you heard the news? you know that annie's back in town i won't take long, just watch and see how the fellas lay their money down her style is new, but the face the same as it was so long ago but from her eyes, a different smile like that of one who knows the best years of my life gone by, here i am alone and blue some people cry and some people die by the wicked ways of love but i'll just keep on rollin' along with the grace of the lord above people talkin all around 'bout the way you left me flat i don't care what the people say, i know where their jive is at i try to make love but it ain't no use give it to me give it mm, work so hard i couldn't unwind get some money saved abuse my love a thousand times however hard i tried heartbreaker, your time has come can't take your evil way go away, heartbreaker heartbreaker! heartbreaker! heart!",183,120,109,65.57377049180327,90.83333333333333
led zeppelin ii,1969-02-22T00:00:00.000000,living loving maid (she's just a woman),"with a purple umbrella and a fifty-cent hat living, loving, she's just a woman missus cool rides out in her aged cadillac living, loving, she's just a woman   ah, get it now, get it ooo, you got it nobody hears a single word you say living, loving, she's just a woman but you keep on talking till your dying day living, loving, she's just a woman  living, loving, she's just a woman living, living, loving, loving, she's just a woman li-li-li-li-live, lo-lo-lo-lo-love, she's just a woman",104,48,46,46.15384615384615,95.83333333333334
led zeppelin ii,1969-02-22T00:00:00.000000,ramble on,"ah, sometimes i grow so tired to sing my song, on my way, i've been this way ten years to the day ramble on, gotta find the queen of all my dreams it's time to ramble on ramble on, and now the time, the time is now to sing my song, i'm going 'round the world, i gotta find my girl on my way, i've been this way ten years to the day i gotta ramble on, i gotta find the queen of all my dreams i tell you no lie ah, there's nothing i can do now i guess i'll keep on ramblin', i'm gonna shake (sing my song) i gotta find my baby i'm gonna ramble on, sing my song gonna work my way, going 'round the world baby, baby (ramble on) do do do do do do do do, my baby baby, baby, baby, baby, baby i gotta keep on searching for my baby my, my, my, my, my, my, baby i can't find my bluebird! i listened to what my bluebird said, but i, i can't find my bluebird! i keep rambling, baby",206,65,57,31.55339805825243,87.6923076923077
led zeppelin ii,1969-02-22T00:00:00.000000,moby dick,,,,,0.0,0.0
led zeppelin ii,1969-02-22T00:00:00.000000,bring it on home,"got up, gone higher, all aboard i'll take my seat, right way back, ooh yeah watch this train roll down the track i'm gonna bring it on home bring it on home to you watch out, watch out... try to tell you, baby what you trying to do? trying to love me, baby and love some other men too bring it on home, bring it on home went a little walk downtown messed and got back late found a note there waiting it said, ""daddy, i just can't wait."" bring it on home, bring it on home bring it back home, bring it back home to me, baby tell you, pretty baby you love to mess me 'round i'm going to give you loving, baby going to move you out of town bring it on home, bring it on home sweetest little baby daddy ever saw i'm going to give you loving, baby i'm going to give you more bring it on home, bring it on home bring it on home, oh, right bring it on home, bring it on home to you",190,77,68,40.526315789473685,88.31168831168831
led zeppelin iii,1970-02-22T00:00:00.000000,immigrant song,"(two, three, four)     ooh ooh ooh, ooh ooh ooh ahh ah, ooh ooh ooh ooh ooh ooh, ooh ooh ooh",21,7,7,33.33333333333333,100.0
led zeppelin iii,1970-02-22T00:00:00.000000,friends,"",0,0,0,0.0,0.0
led zeppelin iii,1970-02-22T00:00:00.000000,celebration day,"her face is cracked from smiling all the fears that she's been hiding and it seems that pretty soon everybody's gonna know and her voice is sore from shouting cheering winners who are losing and she worries if their days are few and soon they'll have to go  she hears them talk of new ways to protect the home she lives in you know her very well you hear her cries of mercy as the winners toll the bell  oooh, there is a train that leaves the station heading for your destination but the price you pay to nowhere has increased a dollar more. yes, it has! and if you walk, you're gonna get there and though it takes a little longer and when you see it in the distance you will wring your hands and moan, oh, yeah, moan ooh, yeah yeah yeah yeah yeah, moan moan  if you walk you're gonna get there though it takes a little longer and when you see it in the distance you will wring your hands and moan...",187,97,87,51.87165775401069,89.69072164948454
led zeppelin iii,1970-02-22T00:00:00.000000,since i've been loving you,"oh! really makes life a drag i don't think that's right i've really been the best, the best of fools i did what i could, yeah 'cause i love you, baby, how i love you, darling how i love you, baby, my beloved little girl, little girl but, baby, since i've been loving you, yeah i'm about to lose my worried mind, oh yeah that you didn't mean me no good i've been trying, lord, let me tell you let me tell you, i really did the best i could i've been, i've been working from seven to eleven every night i said it kinda makes my life a drag, drag, drag, drag lord, yeah, that ain't right, now, now! since i've been loving you, yeah i'm about to lose my worried mind watch out! i said i've been crying, yeah don't you hear them? don't you hear them falling? do you remember, mama, when i knocked upon your door? i said, you had the nerve to tell me you didn't want me no more, yeah yeah, yeah, yeah, yeah, yeah i've been a-working from seven, seven, seven to eleven every night it kinda makes my life a drag a drag, drag ah yeah! it makes it a drag baby, since i've been loving you i'm about to lose, i'm about to lose, lose my worried mind and just one more, just one more oh, yeah! since i've been loving you, i'm gonna lose my worried mind",271,84,76,30.996309963099634,90.47619047619048
led zeppelin iii,1970-02-22T00:00:00.000000,out on the tiles,"as i walk down the highway all i do is sing a song and a train that's passin' my way helps the rhythm move along there is no doubt about the words are clear the voice is strong, it's oh so strong i'm just a simple guy i live from day to day a ray of sunshine melts my frown and blows my blues away there's nothing more that i can say but on a day like today i pass the time away and walk a quiet mile with you all i need from you is all your love all you got to give to me is all your love all i need from you is all your love all you got to give to me is all your love oooh yeah, oooh yeah oooh yeah, oooh yeah i'm so glad i'm living gonna tell the world i am i got me a fine woman and she says that i'm her man one thing that i know for sure gonna give her all the loving like nobody, nobody, nobody, nobody can standing in the noonday sun trying to flag a ride people go, and people come see my rider right by my side it's a total disgrace, they set the pace it must be a race, and the best thing i can do is run all i need from you is all your love all you got to give to me is all your love all i need from you is all your love all you got to give to me is all your love oooh yeah, oooh yeah oooh yeah, oooh yeah ah yeah, ah yeah, ah yeah oh, da da da 70 more all i do is say let's keep on ooh yeah, ooh yeah, ooh yeah ooh yeah, ooh yeah, ooh yeah aah ah ah yeah yeah aaaahhh yeah yeah",324,126,117,38.88888888888889,92.85714285714286
led zeppelin iii,1970-02-22T00:00:00.000000,gallows pole,"hangman, hangman, hold it a little while i think i see my friends coming, riding many a mile friends, you get some silver? did you get a little gold? what did you bring me, my dear friends i couldn't get no silver, i couldn't get no gold hangman, hangman, hold it a little while i think i see my brother coming, riding many a mile brother, you get me some silver? did you get a little gold? what did you bring me, my brother, to keep me from the gallows pole? brother, i brought you some silver, yeah i brought a little gold, i brought a little of everything to keep you from the gallows pole yes, i brought you to keep you from the gallows pole hangman, hangman, turn your head awhile i think i see my sister coming, riding many a mile, mile, mile sister, i implore you, take him by the hand save me from the wrath of this man please take him, save me from the wrath of this mad man to keep you from the gallows pole, pole, pole, pole, yeah, yeah your brother brought me silver, and your sister warmed my soul but now i laugh and pull so hard, see you swinging on the gallows pole, pole, pole swingin' on the gallows pole! swingin' on the gallows pole! swingin' on the gallows pole! swingin' on the gallows pole pole, pole, pole, pole, pole, pole, yeah ah-ha-ha, ah-ha-ha, ah-ha-ha, ah-ha-ha, ah-ha-ha-ha, ah-ha-ha-ha, ah-ha-ha, ah-ha-ha it was swingin', it was swingin', it was swingin' mamamamamamama, yeah ooh yeah, ooh yeah ah-ha-ha, ah-ha-ha, ah-ha-ha, ah-ha swingin' on the gallows, yeah swingin' on the gallows pole! swingin' on the gallows pole! swingin' on the, ah i gotta swing! i gotta swing! see-saw, knock at my door i gotta sing keep on singing, yeah keep it cooling, yeah keep it- aw yeah!",345,85,82,24.637681159420293,96.47058823529412
led zeppelin iii,1970-02-22T00:00:00.000000,tangerine,"one, two one, two, three, four one, two  thinking how it used to be does she still remember times like these? to think of us again and i do",30,25,23,83.33333333333334,92.0
led zeppelin iii,1970-02-22T00:00:00.000000,that's the way,"that's the way, oh, that's the way it ought to be yeah, yeah mama say that's the way it ought to stay yeah, yeah and yesterday i saw you standing by the river and weren't those tears that filled your eyes? and yesterday i saw you kissing tiny flowers but all that lives is born to die and so i say to you that nothing really matters and all you do is stand and cry ahh, ahh, ahh",82,45,41,54.87804878048781,91.11111111111111
led zeppelin iii,1970-02-22T00:00:00.000000,bron-y-aur stomp,"ah, caught you smiling at me that's the way it should be ah, all the good times we had i sang love songs so glad always smiling, never sad, so fine as we walk down the country lane i'll be singing a song, hear me calling your name hear the wind within the trees telling mother nature 'bout you and me well, if the sun shines so bright or on our way it's darkest night the road we choose is always right, so fine ah, can your love be so strong when so many loves go wrong? will our love go on and on and on and on and on and on? as we walk down the country lanes i'll be singing a song, hear me calling your name hear the wind within the trees telling mother nature 'bout you and me my, my la-la-la come on now, it ain't too far tell your friends all around the world so of one thing i am sure it's a friendship so pure angels singing all around my door, so fine yeah, ain't but one thing to do spend my natural life with you when you're old and your eyes are dim we'll still go walking down country lane i'll sing the same old song, hear me call your name",230,111,96,48.26086956521739,86.48648648648648
led zeppelin iii,1970-02-22T00:00:00.000000,hats off to (roy) harper,"shake 'em aaahhh  i been mistreated, babe, i believe i'll shake 'em on down well, i've been mistreated, babe, i believe i'll shake 'em on down mmm, ha ha ha ha haha, ha ha haha, ha ha haha, ha ha hahaaaaaaa..... we going to shake them down, yeah must i holler? must i, must i, must i shake them on down? ooh, i've done been mistreated, babe, i believe i'll shake 'em on down i'm gonna go shoot her now",88,34,30,38.63636363636363,88.23529411764706
led zeppelin iv,1971-02-22T00:00:00.000000,black dog,"oh, yeah, oh, yeah ah, ah, ah oh, yeah, oh, yeah ah, ah, ah  ah, ah, ah, ah ah, ah, ah, ah ah, ah, ah, ah ah hey, baby, oh, baby, pretty baby darling, can't you do me now? hey, baby, oh, baby, pretty baby move me while you do me now  oh, yeah, oh, yeah ah, ah, ah oh, yeah, oh, yeah ah, ah, ah  ah, ah, ah, ah ah, ah, ah, ah ah, ah, ah, ah ah ah ooh, ooh-wah, yeah, oh, yeah, gotta move yeah-yeah-yeah, yeah-yeah, yeah-yeah gotta move you, now, babe, babe, move, you move, yeah push, push, babe, push, babe, push, babe push it, now, push, baby, push, baby, push, move, move ooh, yeah, ooh, move well, done i'm gonna get ya groovin', now, gonna get ya groovin', now",148,32,28,21.62162162162162,87.5
led zeppelin iv,1971-02-22T00:00:00.000000,rock and roll,"yes, it has whoa, whoa, oh  ahhh! ahhh! oh, it seems so long since we walked in the moonlight making vows that just can't work right oh yeah, open your arms, open your arms, open your arms baby, let my love come running in! yeah! yeah, hey yeah, hey yeah, hey yeah, hey ooh, yeah ooh, yeah ooh, yeah ooh, yeah",63,36,36,57.14285714285714,100.0
led zeppelin iv,1971-02-22T00:00:00.000000,the battle of evermore,"[verse 1: ] and time will tell us all side by side we wait the might of the darkest of them all i'm waiting for the angels of [verse 2: robert plant, , ] the apples turn to brown and black the tyrant's face is red the sky is filled with good and bad mortals never know,  oh, well, the night is long, the beads of time pass slow tired eyes on the sunrise waiting for the eastern glow [verse 3: robert plant, , ] the pain of war cannot exceed the woe of aftermath (ride on) no comfort has the fire at night that lights the face so cold the magic runes are writ in gold to bring the balance back bring it back at last the sun is shining the clouds of blue roll by with flames from the dragon of darkness the sunlight blinds his eyes ah ah oh, now, oh, now, oh, now, oh oh, now, oh, now, oh, now bring it back, bring it back bring it back, bring it back ooh, now, oh, now, oh, now, oh oh, now, oh, now, oh, now bring it, bring it, bring it, bring it bring it, bring it, bring it, bring it bring it, bring it, bring it, bring it",212,101,97,47.64150943396226,96.03960396039604
led zeppelin iv,1971-02-22T00:00:00.000000,stairway to heaven,"ooh-ooh, ooh, ooh, ooh, ooh-ooh, and she's buying a stairway to heaven ooh, it makes me wonder ooh, makes me wonder  ooh, it makes me wonder ooh, really makes me wonder  oh-oh-oh-oh-woah-ho  and it makes me wonder ohh, oh-oh",51,19,19,37.254901960784316,100.0
led zeppelin iv,1971-02-22T00:00:00.000000,misty mountain hop,"just the other day, baby what do you, what do you think i saw? and you know how it is? i really don't know what time it was woah, oh, oh so i asked them if i could stay a while  there you sit, sitting spare like a book on a shelf rusting ah! not trying to fight it you really don't care if they're coming? oh, oh, oh i know that it's all a state of mind, ooh (no, no, no!)  so i've decided what i'm going to do now ooh, ooh, ooh, ooh, ooh, ooh i really don't know, oh, oh, oh, oh, oh, oh i really don't know, oh, oh, oh, oh, oh, oh, oh i really don't know",133,62,55,46.616541353383454,88.70967741935483
led zeppelin iv,1971-02-22T00:00:00.000000,four sticks,"and when the owls cry in the night oh, baby, baby, when the pines begin to cry baby, baby, baby, how do you feel? if the rivers run dry, baby, how would you feel?  and when the owls cry in the night and, baby, when the pines begin to cry oh, baby, baby, how do you feel? if the rivers run dry, baby, how do you feel? ah, ah... baby, how do you feel?  ooh yeah, brave i endure ooh yeah, strong shields and lore they can't hold the wrath of those who walk and the boots of those who march baby, through the roads of time so long ago ooh, yeah ooh, ooh yeah ah, ah, ah, ah ooh, hoo ooh, ooh ooh, ah",128,49,49,38.28125,100.0
led zeppelin iv,1971-02-22T00:00:00.000000,going to california,"and drank all my wine i'll meet you up there where the path runs straight and high  ah, ah, ah, ah",23,19,19,82.6086956521739,100.0
led zeppelin iv,1971-02-22T00:00:00.000000,when the levee breaks,"mean old levee taught me to weep and moan, oh mean old levee taught me to weep and moan oh well, oh well, oh well, ooh oh, don't it make you feel bad when you're trying to find your way home you don't know which way to go ah, ah, ah, hey  , praying won't do you no good no, crying won't help you, praying won't do you no good when the levee breaks, mama, you got to move, ooh oh-ho ah, ah, ah, ah-ah ah, ah, ah, ah-ah oh, oh going , ah i'm going down now going down, going down going down, going down oh... going down, going down now going down, going down now going down, going down now going down, going, dow- dow- dow- dow- down, now ooh, ooh",142,50,47,35.2112676056338,94.0
houses of the holy,1973-02-22T00:00:00.000000,the song remains the same,"i had a dream, oh yeah crazy dream, oh ho anything i wanted to know any place i needed to go hear my song, yeah people, don't you listen now? sing along, oh you don't know what you're missing now any little song that you know everything that's small has to grow and it's gonna grow now push, push, yeah na-na-na-na-na (get it on) oh, keep on all you gotta do, all you gotta do all you gotta do now, all you gotta do now ooh, sing out ooh, city lights are oh-so bright as we go sliding, sliding, sliding, sliding, sliding, sliding ahhhhhhh",119,59,53,49.57983193277311,89.83050847457628
houses of the holy,1973-02-22T00:00:00.000000,the rain song,"you are the sunlight in my growing so little warmth i've felt before it isn't hard to feel me glowing i watched the fire that grew so low, oooh, oh speak to me only with your eyes it is to you i give this tune ain't so hard to recognize, oh these things are clear to all from time to time, ooh oh, oh ah, talk, talk, talk, talk hey! i've felt the coldness of my winter i never thought it would ever go but i know that i love you so, ohhhh, oh but i know that i love you so this is the wonder of devotion i see the torch we all must hold",120,68,63,56.666666666666664,92.64705882352942
houses of the holy,1973-02-22T00:00:00.000000,over the hills and far away,",  ooohhh...",2,2,2,100.0,100.0
houses of the holy,1973-02-22T00:00:00.000000,the crunge,"""do you want to take it away, john?"" ""if you like, jim"" i wanna tell you about my good thing i ain't disclosing no names, but he sure is a good friend, and i ain't gonna tell you where he comes from, boy if i tell you, you won't come again-oh, hey i ain't gonna tell you nothing, but i do will, but i know, yeah! now let me tell you about my girl i open up a newspaper, and what do i see? ah, ah see my girl, ah, looking at me ooh, and when she walks, she walks let me tell you, when she talks, she talks and when she looks me in my eye she's my baby, lord, i wanna make her mine ooh, tell me, baby, what you want me to do and you want me to love you, love some other men? ah yeah, no, no ah i ain't gonna tell you nothing, i ain't gonna tell you no more, no! she's my baby, let me tell you that i love her so and, and! she is the woman i really wanna love, and let me tell you more ooh! she's my baby, let me tell you, she lives next door she's the one a woman, the one a woman that i know i ain't going, i ain't going, i ain't going to tell i ain't going to tell you one thing that you really ought to know, boy! she's my lover, baby, and i love her so, and she's the one that really makes me whirl and twirl, and! she's the kind of lover that makes me feel the whole world, and",300,96,87,32.0,90.625
houses of the holy,1973-02-22T00:00:00.000000,dancing days,"dancing days are here again as summer evenings grow i said it's all right, you know it's all right crazy ways are evident in the way you wearing your clothes sipping booze is precedent as the evening starts to glow you know it's all right, i said it's all right you know it's all in my heart you'll be my only, my one and only is that the way it should start? dig you told your mama i'd get you home but you didn't say that i got no car you know it's all right, i said it's all right i guess it's all in my heart, heart, heart you'll be my only, my one and only is that the way it should start? so dancing days are here again as the summer evenings grow you are my flower, you are my power you are my woman who knows i said it's all right, you know it's all right you know it's all in my heart you'll be my only, yes, my one and only, yes is that the way it should start? i know it is, yeah!",204,66,57,32.35294117647059,86.36363636363636
houses of the holy,1973-02-22T00:00:00.000000,d'yer mak'er,"oh, oh, oh, oh, oh, oh you don't have to go-oh, oh, oh, oh, oh you don't have to go-oh, oh, oh, oh, oh you don't have to go ay, ah, ah, ah, ah, ay all those tears i cry, ah, ah, ah, ay all those tears i cry, oh, oh, uh, ay baby, please, don't go when i read the letter you wrote me, it made me mad, mad, mad when i read the words that it told me, it made me sad, sad, sad but i still love you so, i can't let you go i love you, ooh, baby, i love ya oh, uh, uh, uh, oh, oh every breath i take, uh, oh, oh, oh oh, every move i make oh, baby, please, don't go, uh ay, ah, ah, ah, ah, ay you hurt me to my soul, oh, oh, oh, oh you hurt me to my soul-oh-oh darling, please, don't go when i read the letter you sent me, it made me mad, mad, mad when i read the news that it broke, it made me sad, sad, sad but i still love you so and i can't let you go i love you, ooh, uhâ€”baby, i love you, ah  oh, oh, oh, oh, oh, oh you don't have to go, oh, oh, oh, oh you don't have to go, oh, oh, oh, oh oh, baby, babe, please, please, please, please ah, uh, ah, uh, ah, ah, baby ah, ah, i really love you, baby ooh, ooh, ooh, ooh, ooh, ooh, darling oh, oh-woah, oh, baby, i still love you so oh, baby, i still love you so, oh, ooh oh, oh, oh, oh, oh, oh, yeah (fire) ah, ah, ah, ah, ah, ah, oh (fire) ah, ah, ah, ah, ah oh, yeah (fire) awe, baby, baby",319,58,57,18.181818181818183,98.27586206896551
houses of the holy,1973-02-22T00:00:00.000000,no quarter,"the snow falls hard, and don't you know? they're wearing steel that's bright and true they choose the path where no one goes ah walking side by side with death the devil mocks their every step, ooh the snow drives back the foot that's slow they carry news that must get through to build a dream for me and you, oh they choose the path where no one goes oh! the pain, the pain without quarter, oh, yeah (without quarter, quarter, quarter) (giving me, giving me no) oh",92,56,55,60.86956521739131,98.21428571428571
houses of the holy,1973-02-22T00:00:00.000000,the ocean,"singing in the sunshine, laughing in the rain hitting on the moonshine, rocking in the grain got no time to pack my bags, my foot's outside the door i got a date, i can't be late, for the high hopes hailla ball oh ho oh-oh yeah ,  i don't know oh-oh yeah ooh yeah na nana na na na na na na na na na na na na na nana na na na na na na na na na na na na na nana na na na na na na na na na na na na na nana na na na na na na na na na na na na (ooh) oh yeah i sure is fine i blow my mind when the tears are going down yeah, yeah, yeah  oh, so oh, so oh, so good",143,55,52,38.46153846153847,94.54545454545455
physical graffiti,1975-02-22T00:00:00.000000,custard pie,"ooh drop down, baby, let your daddy see drop down, my lady, just dream of me well, my mama, allow me to fool around all night long well, i may look like i'm crazy, i sure know right from wrong see me comin', mama, i throw your man outdoor i ain't no stranger, i been this way before put on your night shirt and your morning gown you know by night i'm gonna shake 'em on down put on your night shirt, mama, and your morning gown well, you know by night i'm sure gonna shake 'em on down shake it, shake it  oooh, your custard pie, yeah, sweet and nice when you cut it, mama, save me a slice your custard pie, yeah i declare you're sweet and nice i like your custard pie when you cut it, mama, mama, please save me a slice oh, i chew on a piece of your custard pie i chew on a piece of your custard pie i chew on a piece of your custard pie i chew on a piece of your custard pie drop down, drop down, drop down drop down, drop down, yeah drop down, drop down i chew on a piece of your custard pie",215,77,72,35.81395348837209,93.5064935064935
physical graffiti,1975-02-22T00:00:00.000000,the rover,"i've been to london, seen seven wonders i used to rock it, sometimes i'd roll it i always knew what it was for there can be no denying that the wind'll shake 'em down and the flag we're flying if we could just join hands if we could just join hands if we could just join... in fields of plenty when heaven sent me i saw the kings who rule them all still by the firelight and purple moonlight i hear the rested rivers call and the wind is crying from a love that won't grow cold my lover, she is lying on the dark side of the globe if we could just join hands if we could just join hands if we could just join hands yeah yeah, yeah yeah, yeah yeah, yeah yeah yeah yeah, yeah yeah, yeah yeah you got me rocking when i ought to be a-rolling darling, tell me, darling, which way to go you keep me rocking, baby, then you keep me stalling won't you tell me, darling, which way to go, that's right  oh how i wonder, oh how i worry and i would dearly like to know of all this wonder, of earthly plunder will it leave us anything to show? and our time is flying see the candle burning low is the new world rising from the shambles of the old? if we could just join hands if we could just join hands if we could just, if we could just, if we could just if we could just, if we could just join hands hey! that's all it takes, that's all it takes that's all it takes, that's all it takes yeah, yeah yeah, yeah yeah, yeah yeah, yeah yeah, yeah yeah, yeah yeah yeah yeah, yeah yeah, yeah yeah, yeah yeah, yeah yeah, yeah yeah ooh yeah, ah! ah! ah! that's right, that's right, that's right, that's right",335,130,115,38.80597014925373,88.46153846153845
physical graffiti,1975-02-22T00:00:00.000000,in my time of dying,"well, well, well, so i can die easy well, well, well, so i can die easy jesus got to make out, should know jesus gonna make up, jesus gonna make it my dying bed well, well, well, so i can die easy oh, oh, well, well, well, so i can die easy, jesus gonna make up somebody, somebody, oh, oh jesus going to make up, jesus going to make it my dying bed i never did no harm, i never did no wrong oh, i never did no harm, did no harm i've only made the young ones, i never thought i'd do anybody no wrong no, not once, oh no ah good  oh, i did somebody some good, somebody some good, yeah, oh oh, did somebody some good, yeah, i must've did somebody some good, yeah oh, i believe i did i see the smiling faces, i know there must be lipstick traces, oh  and i see them in the streets and i see them in the field and i hear them at my feet and i know it's got to be real oh lord, deliver me, all the wrong i've done oh, you can deliver me, lord, i only wanted to have some fun oh, hear the angels marching, they're marching hear them marching, hear them marching, the marching oh my jesus, oh my jesus, oh my jesus oh my jesus, oh my jesus, oh my jesus my jesus, oh my jesus, oh my jesus, oh my jesus, ah, oh ah my jesus, hey, yeah, it's got to be my jesus, oh-whoa it's got to be, it's got to be my jesus, it's got to be, oh it's got to be my jesus, oh, take me home come on, come on, i can hear the angels singing oh, here they come, here they come, here they come bye-bye, bye-bye, bye-bye, bye-bye, bye-bye oh, it feels pretty good up here, pretty good up here oh georgina, oh georgina, oh georgina, oh georgina, oh georgina oh, oh, oh, oh, oh, oh, oh yeah ooh, i'll see you again, come on take it, take it, take it, take it, yeah, yeah, hey, hey, ooh yes oh, i'm goin' to make it my dying, dying, dying...",398,95,85,23.869346733668344,89.47368421052632
physical graffiti,1975-02-22T00:00:00.000000,houses of the holy,"let me take you to the movie let me be yours ever truly we can watch the white doves go from the door comes satan's daughter and it only goes to show you know there's an angel on my shoulder you know so the world is spinning faster let the music be your master will you heed the master's call? oh, satan and man said there ain't no use in crying 'cause it will only, only drive you mad does it hurt to hear them lying? was this the only world you had? oh, oh so let me take you, take you to the movie why don't you let me be your ever truly? can i make your garden grow? you know, that's right",130,74,68,56.92307692307692,91.8918918918919
physical graffiti,1975-02-22T00:00:00.000000,trampled under foot,"greased and slicked down fine groovy leather trim i like the way you hold the road mama, it ain't no sin talking 'bout love talking 'bout love talking 'bout mama, let me pump your gas mama, let me do it all talking 'bout love talking 'bout love talking 'bout  talking 'bout love talking 'bout love talking 'bout a model built for comfort really built with style specialist tradition mama, let me feast my eyes talking 'bout love talking 'bout love talking 'bout factory air-conditioned heat begins to rise guaranteed to run for hours mama, it's the perfect size talking 'bout love talking 'bout love talking 'bout grooving on the freeway gauge is on the red talking 'bout love talking 'bout love talking 'bout... i can't stop talking about i can't stop talking about ooh, yeah, yes drive on ooh, yeah, yeah, yeah, yeah, yes i'm coming through  talking 'bout love i'm talking 'bout love i'm talking 'bout ooh yeah, fully automatic comes in any size talking 'bout love talking 'bout love i'm talking 'bout oooh, feather-light suspension i'm so glad i took a look inside your showroom doors talking 'bout love talking 'bout love talking 'bout oh, i can't oh, i can't oh, i can't stop talking about love i can't stop talking about love ooh, let me go on down, go on down go on down, go on down, go on down, yeah i can't stop talking about i can't stop talking about love, oh yeah i can't stop talking about love or my baby i can't stop talking about love, my baby my baby, my baby, yeah push, push push it push, push oooooooohhh",297,96,91,32.323232323232325,94.79166666666666
physical graffiti,1975-02-22T00:00:00.000000,kashmir,"with stars to fill my dreams talk of days for which they sit and wait all will be revealed whose sounds caress my ear oh, oh oh, oh ooooh oh, baby, i been flying no, yeah, mama, there ain't no denying oh, ooh, yeah, i've been flying mama, mama, ain't no denying, no denying oh, pilot of the storm who leaves no trace like thoughts inside a dream sure as the dust that floats high in june when movin' through kashmir oh, , fill my sails across the sea of years oh, oh oh, oh ooh ooooh oh, when i'm on, when i'm on my way, yeah when i see, when i see the way you stay, yeah ooh, yeah-yeah, ooh, yeah-yeah, but i'm down, so down oh, oh, come on, come on oh, let me take you there, let me take you there ooh, yeah-yeah, ooh, yeah-yeah let me take you there, let me take you there",167,78,75,46.706586826347305,96.15384615384616
physical graffiti,1975-02-22T00:00:00.000000,in the light,"hey, ooh, did you ever believe that i could leave you standing out in the cold? yeah, baby, i know how it feels 'cause i have slipped through to the very depths of my soul, yeah oh-ho, baby, i just want to show you what a clear view it is from every bend in the road now listen to me oh, whoa-whoa, as i was and really would be for you, too, honey as you would for me, oh, i would share your load let me share your load ooh, let me share, share your load  and if you feel that you can't go on hey, oh ho, the the winds of change may blow around you but that will always be so, oh whoa whoa, whoa whoa, when love is pain it can devour you, but you are never alone i will share your load, i will share your load baby, let me, oh, let me in the light everybody needs the light ooh, yeah yeah ooh, baby everybody, everybody, everybody sure enough they do light, light, light, in the light light, light, light, in the light, ooh, yeah light, light, light, in the light light, light, light, in the light light, light, light, in the light, ooh yeah yeah light, light, light, in the light, everybody, come on now",225,94,87,41.77777777777778,92.5531914893617
physical graffiti,1975-02-22T00:00:00.000000,bron-yr-aur,,,,,0.0,0.0
physical graffiti,1975-02-22T00:00:00.000000,down by the seaside,"oooh oooh oh, oh the people turned away, oh the people turned away  oooh oooh hey, hey, yeah so far away, so far away see how they run, see how they run see how they run, see how they run uh huh, uh huh, uh huh, ohh yeah, yeah oooh oooh oh, oh, oh, oh the people turned away, yeah the people turned away",65,18,18,27.692307692307693,100.0
physical graffiti,1975-02-22T00:00:00.000000,ten years gone,"then, as it was, then again it will be flying skies of fortune, each a separate way on the wings of maybe, downing birds of prey  did you ever really need somebody and really need 'em bad? did you ever really want somebody the best love you ever had? do you ever remember me, baby? did it feel so good? 'cause it was just the first time and you knew you would  oh darling, oh darling oh, oh darling, oh yeah, oh darling i'm never going to leave you i'm never going to leave holding on, ten years gone ten years gone, holding on, ten years gone i'm never, i'm never oooh, yeah...",119,63,57,52.94117647058824,90.47619047619048
physical graffiti,1975-02-22T00:00:00.000000,night flight,"i received a message from my brother across the water he sat laughing as he wrote, ""the end's in sight"" so i said goodbye to all my friends and packed my hopes inside a matchbox 'cause i know it's time to fly oh, yeah, come on, meet me in the morning meet me in the middle of the night ah, yeah, the morning light is coming don't it make you wanna go and feel alright? ooh yeah, ah hah i just jumped a train that never stops so now somehow i know i'll never finish paying for my ride oh, yeah-ha come on, meet me in the morning won't you meet me in the middle of the night, night, night, yeah? oh, well, the morning light is coming don't it make you wanna go and feel alright? oh, mama, well, i think it's time i'm leaving nothing here to make me stay whoa, mama, well, it must be time i'm going they're knocking down them doors, they're trying to take me away please, mr. brakeman, won't you ring your bell and ring it loud and clear? please, mr. fireman, won't you ring your bell? tell the people they got to fly away from here we are in the middle of a change in destination when the train stops, all together we will smile oh, come on, come on now, meet me in the morning won't you meet me in the middle of the night, night, n-n-night? oh, oh yeah, everybody know the morning time is coming don't it make you wanna feel alright? ah, ah, yeah make me feel alright fly now, baby get to fly, yeah fly now, baby oh, hey hey uh, uh, uh, uh",305,121,111,39.67213114754099,91.73553719008265
physical graffiti,1975-02-22T00:00:00.000000,the wanton song,"silent woman in the night, you came took my seed from and the wheel rolls on seems my nightmares, my loving gun  you see when we know the time has come feel your healing rivers run is it every time i fall that i think this is the one? ooh, in the darkness can you hear me call? another day has just begun another day, yeah  ooooh silent woman, my face is changed some know in ways to come and the wheel rolls on, rolls on rolls on, rolls on, babe, oooooooh",94,60,58,63.829787234042556,96.66666666666667
physical graffiti,1975-02-22T00:00:00.000000,boogie with stu,"been in town, my baby, we just got to rock on yeah-yeah-yeah-yeah, darling, we just got to go home i don't want no tutti-frutti, no lollipop come on, baby, just rock, rock, rock yeah-yeah-yeah-yeah, honey we've been shaking all night oh, oh, oh, oh darling, we just got to roll right aaah, ooh, my head, rock on, rock on  hey babe, hey babe, hey babe, hey babe hey babe, hey babe, hey babe, hey babe i don't want no tutti-frutti, no lollipop come on baby, just rock, rock, rock ooh hoo, ooh hoo ooh hoo, ooh hoo ooh hoo, ooh hoo ooh hoo, ooh hoo oohoo oohoo oohoo oohoo oohoo let's go out ooh hoo, ooh hoo ooh hoo, ooh hoo ooh hoo, ooh hoo i don't want no tutti-frutti, no lollipop come on baby, just rock, rock, yeah",154,43,43,27.92207792207792,100.0
physical graffiti,1975-02-22T00:00:00.000000,black country woman,"[intro: engineer,  & ] shall we roll it, jimmy? no, one again? *airplane heard flying overhead* got to get this airplane off hey, hey, mama, what's the matter here? hey, hey, mama, what's the matter here? you didn't have to tell me that you love me so you didn't have to love me, mama, let me go hey, hey, mama, what's the matter here? you didn't have to make me a total disgrace you didn't have to leave me with that beer in my face hey, hey, mama, what's the matter here? that's alright, it's awful dog-gone clear hey, hey, baby, why you treat me mean? oh, oh, baby, why you treat me mean? you didn't have to crucify me like you did you didn't have to tell me i was just your kid hey, hey, mama, why'd you treat me mean? you didn't have say you'd always be by my side you didn't have to tell me you'd be my blushing bride hey, hey, mama, why you treat me mean? but that's alright, i know your sisters, too you didn't have to tell me that you love me so you didn't have to leave me, mama, let me go hey, hey, mama, what is wrong with you? you didn't have to leave me like a total disgrace you didn't have to leave me with that beer on my face hey, hey, mama, what is wrong with you? oh, but that's alright, i'd be the same way, too oh yeah, oh oooh, yeah oooh now now now, you didn't have to crucify me like you did you didn't have to tell me i was just your kid hey, hey, mama, what's the matter here? you didn't have to tell me you would be my own you didn't have to tell me, baby, let me go hey, hey, mama, what is wrong with you? that's alright, i know your sister, too ooh, yeah yeah ooh yeah ooh, yeah yeah ooh, yeah yeah ooh yeah oh what's the matter with you, mama?",371,89,81,23.98921832884097,91.01123595505618
physical graffiti,1975-02-22T00:00:00.000000,sick again,"from the window of your rented limousine painted lady in the city of lies oh, do you know my name? do i look the same? you know i'm the one you want, babe i must be the one you need, yeah  oh, how you like my face? still don't know your name you know i'm the one you want, babe, ooh, yes i must be the one you need, need, need, need, yeah, yeah, yeah, yeah oh, you've got to tell me  just a minute, just a minute lips like cherries on the brow of a queen come on, flash across in my eyes said you dug me since you were thirteen then you giggle as you heave and sigh oh, do you know my name? do i look the same? baby, i gotta tell you, i'm the one you want and everybody know i'm the one you need, yeah oh, give it to me come on now come on now come on now hours, hours, and the moments in between oh, baby, how the time flies the fun of coming, oh, the pain in leaving baby, dry those silver eyes oh, do you know my name? do i look the same? you know i'm the one you want, ooh, yes i'm the one you need, yeah ooh, that's right ooh, yeah, that's right ooh, that's right that's right that's right ooh, yeah, that's right that's right aah, aah, aah, aah, aah *cough*",261,88,82,33.71647509578544,93.18181818181817
presence,1976-02-22T00:00:00.000000,achilles' last stand,"and as i turned to you, you smiled at me how could we say no? with all the fun to have to live the dreams we always had sending off a glancing kiss to those who claim they know below the streets that steam and hiss, the devil's in his hole oh, to touch the dream, hides inside and never seen, yeah  to seek the man whose pointing hand, the giant step unfolds to guide us from the curving path that turns our feet to stone so fast the heart should beat as proud the head with heavy feet yeah oooooh, yeah  , oh, oh, oh, oh (oh, oh, oh, oh, oh) i know the way, know the way, know the way, know the way (oh, oh, oh, oh, oh) i know the way, know the way, know the way, know the way oh, oh, oh, oh oh, oh, oh, oh ah-ah, ah-ah, ah-ah, ah-ah ah-ah, ah-ah, ah-ah, ah-ah ah-ah, ah-ah, ah-ah, ah-ah ah-ah, ah-ah, ah-ah, ah-ah ah-ah, ah-ah, ah-ah, ah-ah ah ah ah ah oh, oh, oh, oh oh, oh, oh, oh oh, oh, oh, oh (ohhhhh, ohhh, ohhh, ohhhhh, ohhhhhh) ah-ah, ah-ah, ah-ah, ah-ah ah-ah, ah-ah, ah-ah, ah-ah ah-ah, ah-ah, ah-ah, ah-ah ah-ah, ah-ah, ah-ah, ah-ah oooooh oooh, oh",249,84,79,33.734939759036145,94.04761904761905
presence,1976-02-22T00:00:00.000000,for your life,"well, well oh... oh, oh, oh you said i was the only uh oh, uh oh exhibition is your habit emotion second hand uh oh, uh oh had to pull away to save me maybe next time around, ohh... and she said, ""don't you want it? ooooh oooh heard a cry for mercy in the city of the damned uh oh, babe, damned in the pits you go no lower the next stop's underground oh, hello, underground your wine and roses ain't quite over fate deals a losing hand and i said, didn't mean to did not mean to f-fail you didn't plan it, you over-ran it  do you want it? do you want to do it when you want to? do you want it? do you want to do it when you want to? oh, baby, if you fake it, mama baby, fake with all your might when you fake it, mama please fake it right for yourself, babe when you fake it, baby you're faking it for your life, for your life for your life, for your life do it, do it, do it, do it, do it do it when you wanna do it, do it, do it, do it, do it do it when you wanna  but i don't know what to do, yeah sometime, baby, nothing i could do, yeah on the balance of a crystal paying through the nose *snort* and when they couldn't resist you i thought you'd go with the flow and now your stage is empty bring down the curtain, baby, please fold up your show hadn't planned to could not stand to fry in it i hadn't planned it i over-ran it, frying for your life, for your life",305,116,108,38.0327868852459,93.10344827586206
presence,1976-02-22T00:00:00.000000,royal orleans,"one-time love, take care how you use it try to make it last all night and if you take your pick, be careful how you choose it sometimes it's hard to feel it bite feel it bite a man i know went down to louisiana had himself a bad, bad fight and when the sun peeked through john cameron with suzanna he kissed the whiskers, left and right whiskers now, now, now, fright subsides at a hotel in the quarter our friends check in to pass the night now love gets hot, but fire preceded water poor whiskers set that room alight  whiskers down on bourbon street, you know it's right you can see my friend they run around all through the night most everywhere until the closet's bare run for the razor burn doin' up my hair new orleans queens sure know how to schmooze it maybe for some that seems all right when i step out strut down with my sugar she'd best not talk like barry white! now one-time love, take care how you use it try to make it last all night and if you take your pick, be careful how you choose it sometimes it's hard to feel it bite",213,116,115,54.460093896713616,99.13793103448276
presence,1976-02-22T00:00:00.000000,nobody's fault but mine,"aah, aah, ah, aah aah, aah, ah, aah aah, aah, ah-ah-ah-ah-ah aah, aah, ah, ah-ah-ah-ah aah, aah, ah, aah aah, aah, ah, aah aah, aah, ah-ah-ah-ah-ah aah, aah, ah, ah-ah-ah-ah oh, nobody's fault but mine nobody's fault but mine, yeah trying to save my soul tonight oh, it's nobody's fault but mine devil he taught me to roll devil he taught me to roll-oll-oll, oh how to roll the lot you like it's nobody's fault but mine aah, aah, ah, aah aah, aah, ah, aah aah, aah, ah-ah-ah-ah-ah aah, aah, ah, ah-ah-ah-ah aah, aah, ah, aah aah, aah, ah, aah aah, aah, ah-ah-ah-ah-ah aah, aah, ah, ah-ah-ah-ah aah, aah, ah, aah aah, aah, ah, aah aah, aah, ah-ah-ah-ah-ah aah, aah, ah, ah-ah-ah-ah  brother he showed me the gong brother he showed me the ding dong ding dong how to kick that gong to life oh, it's nobody's fault but mine got a monkey on my back m-m-m-m-m-monkey on my back, back, back, back gonna change my ways tonight nobody's fault but mine  aah, aah, ah, aah aah, aah, ah, aah aah, aah, ah-ah-ah-ah-ah aah, aah, ah, ah-ah-ah-ah aah, aah, ah, aah aah, aah, ah, aah aah, aah, ah-ah-ah-ah-ah aah, aah, ah, ah-ah-ah-ah aah, aah, ah, aah aah, aah, ah, aah how to kick that gong to light n-n-n-n-n-n-n-nobody's fault",295,48,49,16.271186440677965,102.08333333333333
presence,1976-02-22T00:00:00.000000,candy store rock,"well oh, baby, baby, don't you want a man like me? oh, baby, baby, i'm just as sweet as anybody could be oh, baby, baby, i want to look to your eyes of blue oh, baby, baby, it's more than anybody else could do well oh, baby, baby, you know when i see you walking down the street oh, baby, baby, well you looking good enough to eat oh, baby, baby, i don't believe i've tasted this before oh, baby, baby, i want it now and every mouthful more of you talk about you, you, talk about you oh, baby, baby, you know that i wanted it more oh, baby, baby, i'm about to kiss goodbye to this store oh, baby, baby, it ain't the wrapping that sells the goods oh, baby, baby, i got a sweet tooth when my mouth is full of you talk about you, ooh, you, talk about you you, talk about you, ooh, you, talk about you ooh, ooh baby, it's alright, it's alright ooh, ooh baby, it's alright, it's alright well oh, baby, baby, oh you sting like a bee oh, baby, baby, i like your honey and it sure likes me oh, baby, baby, i got my spoon inside your jar oh, baby, baby, don't give me too much, don't make me starve oh, baby, baby, sugar sister on a silver plate oh, baby, baby, i need a mouthful and i just can't wait, no oh, baby, baby, see the shaking in my hand oh, baby, baby, don't mean to fumble but it tastes so grand tastes so grand, tastes so grand tastes so grand, tastes so grand ooh, ooh, yeah baby, it's alright, oh, it's alright ooh, ooh oh, baby, it's alright, oh, it's alright ooh, ooh it's alright, oh, it's alright ooh, ooh it's alright, yeah, it's alright ooh, ooh it's alright, it's alright ooh, ooh, ooh it's alright, it's alright ooh, yeah, ooh, yeah it's alright, it's alright ooh, ooh, yeah alright",361,101,91,27.977839335180054,90.0990099009901
presence,1976-02-22T00:00:00.000000,hots on for nowhere,"i was burned in the heat of the moment though it could've been the heat of the day when i learned how my time had been wasted tear fell as i turned away the time and his bride growing older lalalalalalalalaa, yeah lalalalalalalala, my baby lalalalalalalalaa, yeah lalalalalalalala corner of bleecker and nowhere in the land of not-quite-day a shiver runs down my backbone face in the mirror turns grey so looked round to hitch up the reindeer searching hard trying to brighten the day i turned around to look for the snowman to my surprise he'd melted away, yeah lalalalalalalalaa, yeah lalalalalalalala, my baby lalalalalalalalaa, yeah lalalalalalalala the moon and the stars call the order inside my tides dance the ebb and sway the sun in my soul's sinking lower while the hope in my hands turns to clay i don't ask that my field's full of clover i don't moan at opportunity's door and if you ask my advice, take it slower then your story'd be your finest reward lalalalalalalalaa, yeah lalalalalalalala, my baby lalalalalalalalaa, yeah lalalalalalalala, now do it (oh) oh, oh, oh oh, oh, oh, oh oh, oh, oh, oh oh, oh, oh, oh oh, oh, oh, oh oh, oh, oh, oh  lost on the path to attainment search in the eyes of the wise when i bled from the heart of the matter i started bleeding without a disguise now that everything's fine under heaven now and then you've got to take time to pause when you're down on the ground, don't be messing around or you'll land in a boat without oars lalalalalalalalaa, yeah lalalalalalalala, my baby lalalalalalalalaa, yeah lalalalalalalala hey babe (oh, oh, oh, oh) hey babe (oh, oh, oh, oh) hey babe i lost my way hey babe (oh, oh, oh, oh) hey babe (oh, oh, oh, oh) i really, really do now hey babe (oh, oh, oh, oh) hey babe (oh, oh, oh, oh) i don't know where i'm going to find it hey babe (oh, oh, oh, oh) hey babe (oh, oh, oh, oh) do you want to know? do you really, really, want to help me, yeah? let me tell you now, babe (oh, oh, oh, oh) let me tell you (oh, oh, oh, oh) that it feels so good that it must be right now my babe (oh, oh, oh, oh) let me tell you (oh, oh, oh, oh) that it feels so good that it must be right now my babe (oh, oh, oh, oh) let me tell you (oh, oh, oh, oh) that it feels so, that it feels so, that it feels so, that it feels so good (oh, oh, oh, oh) so good (oh, oh, oh, oh), so good, oh yes",474,159,148,33.54430379746836,93.08176100628931
presence,1976-02-22T00:00:00.000000,tea for one,"oh, twenty-four hours baby, sometimes seem to slip into days, yeah? when a minute seems like a lifetime oh, baby, when i feel this way  how come twenty-four hours baby, sometimes seems to slip into days? a minute seems like a lifetime baby, when i feel this way  to sing a song for you i recall you used to say ""oh, baby, this one's for we two"" which in the end is you anyway how come twenty-four hours baby, sometimes seem to slip into days? a minute seems like a lifetime oh, baby, when i feel this way there was a time that i stood tall in the eyes of other men but by my own choice i left you, woman and now i can't get back again how come twenty-four hours sometimes seem to slip into days, days? well, well, well, a minute seems like a lifetime baby, when i feel this way a minute seems like a lifetime oh, baby, when i feel this way i feel this way",179,67,64,37.43016759776536,95.52238805970148
in through the out door,1979-02-22T00:00:00.000000,in the evening,"in the evening when the day is done i'm looking for a woman oh, but the girl don't come so don't let her play you for a fool she don't show no pity, baby no, no, she don't make no rules oh, i need your love i need your love oh, i need your love i just got to have so don't you let her oh, get under your skin it's only bad luck and trouble oh, from the day that you begin i hear you crying in the darkness no, don't ask nobody's help oh, ain't no pockets full of mercy, baby because you can only blame yourself oh, i need your love oh, oh, need your love ooh, yeah, i need your love i got to have  oh, oh, i need your love oh, oh, i need your love oh, oh, i need your love i've got to have  ooh, whatever that your days may bring no use hiding in a corner, oh, no 'cuse that won't change a thing when you're the master of the off-chance whell, you don't expect a lot, oh oh, i need your love oh, oh, i need your love ooh, yeah, i need your love i've got to have, i've got to have aw, baby, i've got to have your love i've got to have oh, babe, i've got to have your love oh, oh, have your love oh, oh, oh, oh, i've got to have your love just got to i just got i just got to, oh, oh oh, oh, oh, oh, oh, oh",287,91,83,31.70731707317073,91.20879120879121
in through the out door,1979-02-22T00:00:00.000000,south bound saurez,"baby, when you walk that sweet walk oh, you walk it good, yes, you walk it good baby, when you talk that sweet talk it sounds so good, oh, so good with a little bit of concentration and a little bit of helping hands, yeah and a little bit of raving madness, hey you know it makes me feel, baby both my feet are back on the ground and when the rhythm takes me it feels so good, oh, so good baby, if it keeps a-shaking it will do you good, oh, so much good with a little bit of stop-a-shaking, shaking and a little bit of fly right down woo, just a little bit of sweet , yeah it makes me feel, makes me feel i got my feet on the ground  ooh, now baby, a-when you move, it makes me, yeah really feel so good, oh, so good and i'm so glad, so glad, so glad, so glad and i'm good, oh, so good with a little bit of, ooh, ah, concentration just a little bit of a-helping hands, yeah with a little bit of raving madness it makes me feel, oh-ho, it makes me feel i'm back on the ground oh, yes, it sure does it makes me feel, hey, yeah, back on the ground baby, baby, you back on the ground, yeah! i'm good, yeah i'm feeling good, yeah, hey i'm feeling good, yeah i'm feeling good, yeah, hey down on the ground i'm feeling good, yeah i'm feeling good, yeah, yeah, yeah, yeah i'm feeling good, yeah, yeah, yeah, yeah i'm feeling good, yeah, yeah, yeah, yeah i'm feeling good, yeah, yeah, yeah i'm feeling good, yeah, yeah, yeah, yeah i'm feeling good, yeah, yeah, yeah, yeah i'm feeling good, yeah, yeah, yeah, yeah, yeah suarez! suarez! suarez!",324,68,63,20.98765432098765,92.64705882352942
in through the out door,1979-02-22T00:00:00.000000,fool in the rain,"oh, baby well. there's a light in your eye that keeps shining like a star that can't wait for the night i hate to think i've been blinded, baby why can't i see you tonight? and the warmth of your smile starts a-burning and the thrill of your touch gives me fright and i'm shaking so much, really yearning why don't you show up, make it all right? yeah, it's all right and if you promised you'd love so completely and you said you would always be true you swore that you never would leave me, baby what ever happened to you? and you thought it was only in movies as you wish all your dreams would come true, hey it ainâ€™t the first time believe me, baby i'm standing here feeling blue, blue hah, yeah, i'm blue oh, babe now, i will stand in the rain on the corner i'll watch the people go shuffling downtown 'nother ten minutes, no longer and then i'm turning around, 'round the clock on the wall's moving slower oh, my heart it sinks to the ground and the storm that i thought would blow over clouds the light of the love that i found, found light of the love that i found light of the love that i found oh, that i found ooh! tired of the light i just donâ€™t seem to find gotta get away, get away ooh! i see it in my dreams but i just donâ€™t seem to be with you and i gotta get it all, gotta get it all gotta get it all, iâ€™ve got to get it all  ooh, now my body is starting to quiver and the palms of my hands getting wet, oh i've got no reason to doubt you, baby it's all a terrible mess and i'll run in the rain till i'm breathless when i'm breathless i'll run till i drop, hey the thoughts of a fool's kind of careless i'm just a fool waiting on the wrong block oh... yeah, hey, now oh... ho-ho light of the love that i found light of the love that i found light of the love that i light of the love that i found light of the, hey, now, light of the, hey, now light of the love that i found light of the love that i found",426,165,150,38.732394366197184,90.9090909090909
in through the out door,1979-02-22T00:00:00.000000,hot dog,"one, two, three, four oh, hot dog well-a-well-a, i just got into town today to find my girl who's gone away she took the greyhound at the general store i searched myself, i searched the town when i finally did sit down i find myself no wiser than before she said we couldn't do no wrong no other love could be so strong she locked up my heart in her bottom drawer now she took my heart, she took my keys from in my old and i'll never go to texas anymore now my baby's gone, i don't know what to do she took my love and walked right out the door and if i ever find that girl, i know one thing for sure i'm going to give her something like she's never had before but they said heaven's well worth waiting for i took her word, i took it all beneath the sign that said ""u-haul"" she left angels hanging round for more ah, oh!  well now my baby's gone, i don't know what to do she took my love and walked right out the door and if i ever find that girl, i know one thing for sure i'm going to give her something like she's never had before, yeah i thought i had it all sewn up our love, a plot, but folks said she was after something more i never did quite understand all that talk about rocking bands",261,121,116,46.36015325670498,95.86776859504133
in through the out door,1979-02-22T00:00:00.000000,carouselambra,"sisters of the wayside bide their time in quiet peace await their place within the ring of calm still stand to turn in seconds of release await the call they know may never come ah, ah, ah, ah still in their bliss unchallenged mighty feast unending dances shadowed on the day within the wall, their daunting formless keep preserved their joy that kept their doubts at bay just turn a coin, bring order to the fray and everything is soon, no sooner thought than deed but no one seemed to question in any way ah, ah, ah, ah how keen the storied hunter's eye prevails upon the land to seek the unsuspecting and the weak and powerless the fabled sat, too smug to lift a hand toward the foe that threatened from the deep who cares to dry the cheeks of those who saddened stand adrift upon a sea of futile speech? and to fall to fate and make the 'status plan' but no one there had heaven within their reach  said yeah ah, ah, ah, ah oh, oh oh, oh oh oh oh oh, oh oh  oh dull is the armour, cold is the day hard was the journey, dark was the way, way i heard the word, i couldn't stay, oh i couldn't stand it another day, another day another day, another day another day  touched by the timely coming roused from the keeper's sleep release the grip, throw down the key held now within the knowing rest now within the peace take of the fruit, but guard the seed held now within the knowing rest now within the beat take of the fruit, but guard the seed oh, take of the fruit, but guard the seed",296,151,148,51.01351351351351,98.01324503311258
in through the out door,1979-02-22T00:00:00.000000,all my love,"at last, the arm is straight, the hand to the loom is this to end or just begin? all of my love, all of my love oh, all of my love to you, now all of my love, all of my love oh, all of my love to you, now the cup is raised, the toast is made yet again one voice is clear above the din oh, all of my love, all of my love oh, all of my love for you, now all of my love, all of my love, yes all of my love to you, child his is the force that lies within oh, all of my love, all of my love oh, all of my love to you, now all of my love, oh-ooh-oh, yes all of my love, all of my love all of my love, love it's all, all, all, all all of my love, all of my love all of my love to you, now all of my love, all of my love all of my love to, to you, and you, to you, yeah i get a little bit lonely just a little just a little just a little bit lonely just a little bit lonely, hey-hey, hey, hey-hey, hey, hey-hey, hey, hey",218,52,51,23.853211009174313,98.07692307692307
in through the out door,1979-02-22T00:00:00.000000,i'm gonna crawl,"oh she's my baby let me tell you why hey, she drives me crazy she's the apple of my eye because she is my girl and she can never do wrong if i dream too much at night somebody please bring me down hey, i love that little lady i got to be her fool ain't no other like my baby i can break the golden rule cause i get down on my knees oh, i pray that love won't die and if i always try to please i don't know the reason why, yeah if she would come back, only stay with me every little bit, every little bit every little bit of my love, i give to you girl every little bit, every little bit every little bit, every, every little bit of my love hit me! i don't have to go by plane i ain't gotta go by car i don't care just where my darling is people, i just don't care how far i'm gonna crawl i'm gonna crawl, now i don't care if i got to go back home i don't care what i got to stand again, babe i'm gonna crawl i'm gonna crawl ah, woohoo i don't wanna go, baby hey, she give me good loving she give me good loving she give me good loving she give me good loving my baby give me good loving yes i love her i guess i love her yes i love her i wanna crawl",271,105,95,38.74538745387454,90.47619047619048
